GENE,n
BRCA2,5186
NF1,4752
BRCA1,3791
ATM,3117
FBN1,2337
APC,2304
MSH6,2009
MSH2,1805
DMD,1715
PKD1,1630
MLH1,1547
SCN1A,1512
USH2A,1364
LDLR,1349
PALB2,1259
TSC2,1177
COL1A1,1105
ABCA4,1065
CFTR,1048
PTEN,979
TP53,925
NEB,872
RB1,846
MYBPC3,814
GLA,808
CHEK2,803
PMS2,768
KMT2D,763
PHEX,714
ALMS1,712
COL4A5,711
COL7A1,705
COL2A1,695
BRIP1,690
DICER1,688
TTN,672
CHD7,645
DNAH5,641
TSC1,640
FANCA,635
PKHD1,623
CEP290,613
VPS13B,608
PTCH1,607
LZTR1,603
DSP,590
EYS,584
DYSF,567
IDS,561
KCNH2,560
RPGR,552
COL3A1,548
MECP2,542
LAMA2,537
ATP7B,534
MYO7A,532
MEN1,520
KCNQ2,516
ENG,512
CDH1,510
NSD1,507
ANKRD11,493
BARD1,492
ADGRV1,489
SPAST,488
PAH,485
SACS,482
MSH3,480
COL1A2,467
EXT1,461
MYO15A,458
BMPR2,436
ARID1B,435
SPG11,430
NIPBL,425
BLM,422
DNAH11,417
ACVRL1,414
GAA,413
RYR1,411
FLNC,407
CDH23,405
F8,398
CDKL5,389
SCN5A,384
RAD50,381
SLC26A4,379
KCNQ1,378
SCN2A,378
GCK,375
LMNA,375
KMT2A,373
FLCN,368
HBB,366
AGL,364
NPC1,361
FH,358
POLE,358
CREBBP,354
JAG1,353
NBN,350
CACNA1A,348
CRB1,348
PCDH19,346
COL4A4,343
PKD2,343
VHL,336
OTC,335
DYNC2H1,333
PAX6,333
CAPN3,329
ABCD1,328
SYNGAP1,321
BAP1,320
ZEB2,320
STK11,316
ALPL,313
RECQL4,313
COL4A3,305
KRIT1,289
SERPING1,289
STXBP1,283
VPS13A,283
ASPM,280
WRN,278
OPA1,275
PRPH2,274
MMUT,272
PKP2,269
SLC12A3,267
CHM,264
RP1,263
DEPDC5,262
MUTYH,262
PCDH15,262
SPTB,261
SLC2A1,259
VWF,258
COL5A1,255
GLDC,255
ABCC8,252
CHD2,251
LOXHD1,251
SMAD4,247
BTK,245
AR,243
GNPTAB,243
NF2,242
PDHA1,242
RAD51C,242
PCNT,238
DDX3X,233
ANK1,231
BMPR1A,230
POLG,229
IDUA,227
AGXT,226
PEX1,226
SYNE1,222
ARSA,221
BEST1,221
SDHA,220
NOTCH3,219
OTOF,219
GALC,217
NPHS1,217
SDHB,217
CPLANE1,216
CC2D2A,213
CLCN1,213
FLNA,213
GCDH,212
RASA1,210
SMPD1,208
HNF1A,207
RPGRIP1L,207
ACADM,206
EHMT1,205
EVC2,205
ZFYVE26,204
ERCC6,202
HGD,202
SMARCA4,202
CASR,200
FLG,199
RS1,199
DYRK1A,198
FRAS1,197
RMRP,196
UBE3A,196
ALPK3,194
FOXG1,194
TYR,194
F9,193
NEXMIF,193
CTNNA1,192
HEXA,192
OCA2,192
GLB1,191
AHI1,190
CTNNB1,190
MED13L,188
MTM1,188
RPE65,188
EDA,187
TCF4,187
HNF1B,185
NAGLU,185
FANCC,184
ABCB11,183
MYH7,183
PRPF31,183
SETD5,183
EXT2,182
SLC22A5,180
GALT,179
COL6A2,178
GALNS,178
CNGB3,175
TGM1,175
GJB1,174
DMPK,173
ACADVL,169
EVC,169
LAMB3,169
MAN2B1,169
ABCC6,168
EP300,168
ETFDH,168
APOB,167
BBS10,167
CHRNE,167
ZNF469,167
AXIN2,166
CYBB,166
GJB2,165
GNAS,165
PYGM,165
TCOF1,165
LYST,164
SCN8A,164
COL4A1,163
GATA2,163
GRIN2A,161
GUCY2D,159
PEX6,159
IQSEC2,158
RAD51D,158
CPS1,157
DUOX2,157
EPG5,157
FANCM,155
ITGA2B,155
TCIRG1,155
BTD,154
PCCA,154
NBAS,153
POT1,152
TG,152
WFS1,152
FANCD2,151
PCCB,151
TBX5,151
ELP1,149
WAS,149
TMEM67,148
FANCI,147
RTEL1,147
WDR45,147
CPT2,146
CYP27A1,146
ARSB,145
ASXL3,144
CBS,144
DHCR7,144
DST,144
PURA,144
SOX10,144
HMBS,143
GRIN2B,142
MPZ,142
SMC1A,142
TET2,142
ABCC2,141
PTPN11,141
CHD8,140
ADAMTSL4,139
ELN,139
ATP7A,138
GLI3,138
XPC,138
GPHN,137
TPP1,137
BBS1,136
COL6A1,136
FGFR1,136
SLC26A2,136
UNC13D,136
ACTA1,135
COL6A3,135
ERCC2,135
FKRP,135
LRP5,135
SHANK3,135
CCDC39,134
CNGA3,134
EYA1,134
PAFAH1B1,134
RHO,134
SATB2,134
SMAD3,134
SZT2,134
ACAT1,133
SGCE,133
AHDC1,132
BBS2,132
FOXL2,132
AIRE,131
KIF11,131
L1CAM,131
LAMA3,131
ACAN,130
CFH,130
CDKN2A,129
PHF3,129
PMM2,129
BBS12,128
BCKDHB,128
POMT1,128
TRPS1,128
FAM161A,127
PCARE,127
RP2,127
COL11A2,126
TYMP,126
CDC73,125
FOXP1,125
MFN2,125
POGZ,125
PRRT2,125
RARS2,125
SURF1,125
ALOX12B,124
HEXB,124
IFT140,124
IGHMBP2,124
SGSH,124
ANO5,123
CASK,123
DCX,123
GNE,123
HADHA,123
RET,123
DNMT3A,122
FANCG,122
NTHL1,122
NTRK1,122
RUNX2,122
SCN9A,122
SKIC3,121
SLC25A13,121
SLC4A1,121
ASS1,120
KAT6A,120
RPGRIP1,120
RUNX1,120
ASL,119
LRBA,119
MMACHC,119
PLA2G6,119
PROM1,119
ITGB3,118
MCCC1,118
NFIX,118
ALDH7A1,117
CACNA1F,117
CTNS,117
LMX1B,117
RAI1,117
SDHD,117
SH3TC2,117
ABCA12,116
ADNP,116
CERKL,116
COL11A1,116
COL17A1,116
SLC37A4,116
SPRED1,116
PIGN,115
SPG7,115
KAT6B,114
KDM6A,114
LAMP2,114
PAX3,114
PDE6B,114
RAG1,114
TMC1,114
ARX,113
BAG3,113
CLN3,113
GRN,113
DNAH8,112
LCA5,112
LRPPRC,112
MRE11,112
SLC6A8,112
SLX4,112
SON,112
FOXC1,111
HPS3,111
MTHFR,111
G6PC1,110
LRP2,110
MPL,110
NPHP3,110
PLEC,110
IL2RG,109
RYR2,109
SMARCAL1,109
CYP11B1,108
HPS1,108
NR0B1,108
TCF20,108
CDKN1C,107
CP,107
GBA1,107
HNRNPU,107
NFKB1,107
RPS6KA3,107
ASXL1,106
CYP17A1,106
SCN4A,106
TUBA1A,106
G6PD,105
LAMC2,105
TERT,105
CEP152,104
DNAI1,104
ESCO2,104
KMT2C,104
CDKN1B,103
CRX,103
EFTUD2,103
MYO18B,103
BCKDHA,102
GBE1,102
GFM1,102
HGSNAT,102
KDM5C,102
MBD4,102
MKS1,102
PRF1,102
SLC4A11,102
SLC6A1,102
SMCHD1,102
ABCB4,101
KIF1A,101
CTC1,100
KIAA0586,100
TSPAN1,100
CNGB1,99
NPRL3,99
PANK2,99
PRKAR1A,99
SALL1,99
SKIC2,99
OFD1,98
P3H1,98
SAMHD1,98
TTR,98
TULP1,98
ALDH3A2,97
CSPP1,97
LIFR,97
MCCC2,97
TUBGCP6,97
ASNS,96
NKX2-5,96
TMEM127,96
FAH,95
LPL,95
MFSD8,95
ALDH5A1,94
HPS5,94
HSD17B4,94
IMPG2,94
SPTA1,94
USH1C,94
WT1,94
ACSF3,93
ATP1A3,93
LIG4,93
NALCN,93
NGLY1,93
NOTCH1,93
NPHP4,93
NR2E3,93
OCRL,93
PEX12,93
PHIP,93
PSEN1,93
SPINK5,93
DNAH9,92
GLE1,92
HLCS,92
NAA15,92
PDE6A,92
CUBN,91
F11,91
FGFR2,91
PEX10,91
SETBP1,91
TCF12,91
UNC80,91
ASPA,90
ATR,90
BRAF,90
DBT,90
JAK3,90
PNKP,90
PPT1,90
SELENON,90
SGCA,90
EMD,89
GNPTG,89
IFT172,89
POMT2,89
TRIO,89
WNT10A,89
BBS7,88
CLN5,88
FREM2,88
GALK1,88
INVS,88
MTTP,88
SLC12A6,88
SOX9,88
ARG1,87
ARID1A,87
SERPINC1,87
TFR2,87
TTC21B,87
CCM2,86
MBD5,86
ADA,85
BBS4,85
DLG4,85
OAT,85
ABCA3,84
AMT,84
CEP250,84
COMP,84
CPT1A,84
DCLRE1C,84
GAMT,84
GATAD2B,84
KMT2B,84
MITF,84
MPDZ,84
WAC,84
ADGRG1,83
BBS9,83
COL27A1,83
FKTN,83
GPR143,83
MERTK,83
SUMF1,83
ATP8B1,82
FLNB,82
HPRT1,82
IVD,82
MCM3AP,82
NKX2-1,82
SLC7A7,82
ACAD9,81
ERCC8,81
GRHPR,81
IRF6,81
ITGB4,81
MKKS,81
SLC45A2,81
SUFU,81
ALS2,80
BCOR,80
CEP164,80
DOCK8,80
DOK7,80
EPHB4,80
FHL1,80
FIG4,80
GCH1,80
KANSL1,80
LAMA1,80
MMAA,80
MTRR,80
PC,80
PDZD7,80
SLC39A4,80
SOX2,80
SRD5A2,80
TBC1D24,80
FAS,79
NPHP1,79
NPHS2,79
SI,79
SOD1,79
COL18A1,78
HPS6,78
KMT2E,78
MEF2C,78
PLP1,78
SGCB,78
TGFB2,78
ALG6,77
ATP6V1B1,77
CCDC40,77
CLCN5,77
SMARCB1,77
TP63,77
TRMU,77
BRAT1,76
CUL7,76
CYP11B2,76
LIPA,76
MYH2,76
PNPLA6,76
DOCK7,75
KIT,75
NR5A1,75
PHKB,75
POLR3A,75
PROS1,75
SLC12A1,75
TH,75
WDR19,75
ADAR,74
ASAH1,74
CD40LG,74
DNAI2,74
GABRG2,74
MANBA,74
POU3F4,74
SLC16A2,74
SLC19A1,74
SLC3A1,74
TECTA,74
TTLL5,74
ATRX,73
DDX41,73
GATA3,73
PHKA2,73
RAPSN,73
TRNT1,73
USP9X,73
ALG1,72
AVPR2,72
CACNA1S,72
CLN6,72
CYP1B1,72
CYP21A2,72
DES,72
OTOG,72
TECPR2,72
AAAS,71
ADAMTS13,71
ATP1A2,71
EIF2B5,71
F5,71
MAK,71
MVK,71
MYO5B,71
PIK3CA,71
SIN3A,71
SLC17A5,71
TPO,71
BCS1L,70
CDHR1,70
CLTC,70
DNAH1,70
HNF4A,70
KIF7,70
PDE6C,70
SLC26A3,70
TGFBR2,70
TRPM1,70
DSG2,69
PAX2,69
PIEZO2,69
TMPRSS3,69
TNFAIP3,69
TRIOBP,69
TYRP1,69
XPA,69
CSNK2B,68
CUL3,68
CYP7B1,68
EGFR,68
GDAP1,68
HOGA1,68
MCOLN1,68
SDHC,68
ASH1L,67
CNTNAP2,67
COLQ,67
CTSC,67
CYP27B1,67
CYP4V2,67
HSPG2,67
ITGB2,67
KRT5,67
PCLO,67
PHGDH,67
PIGG,67
PMP22,67
POR,67
TBCK,67
TNXB,67
TWIST1,67
ANOS1,66
ARID2,66
GRIN1,66
GUSB,66
LAMC3,66
MMAB,66
MTR,66
PDCD10,66
PIGO,66
SPEN,66
TRIP12,66
WDR62,66
BUB1B,65
MME,65
MYH3,65
PRX,65
RPL5,65
AFG2A,64
ALDOB,64
BRPF1,64
CCDC88C,64
CTSK,64
FANCL,64
PHOX2B,64
RELN,64
TSHR,64
ADAMTS2,63
AUTS2,63
CIITA,63
COL12A1,63
DDC,63
PTS,63
RAG2,63
SETX,63
SGCG,63
SHH,63
SPTAN1,63
STXBP2,63
TBK1,63
CAD,62
CNGA1,62
CYLD,62
DSC2,62
FZD4,62
MPI,62
NOTCH2,62
PEX7,62
TK2,62
TRIP11,62
TSEN54,62
WWOX,62
CPAP,61
EBF3,61
EMC1,61
GNS,61
LARP7,61
PLOD1,61
PROC,61
SEC23B,61
SETD1B,61
SLC20A2,61
STAR,61
TBCD,61
ABCC9,60
ACTB,60
ADA2,60
C2CD3,60
CCN6,60
COQ8A,60
FUCA1,60
KCNB1,60
LAMB2,60
NDUFAF5,60
NHS,60
PKLR,60
REEP1,60
SUOX,60
DEAF1,59
ENPP1,59
FECH,59
GNAO1,59
LTBP3,59
MLC1,59
MYT1L,59
OTOGL,59
RAB3GAP1,59
RANBP2,59
SMARCA2,59
AARS1,58
AGA,58
DIS3L2,58
IL12RB1,58
IQCB1,58
NEK1,58
NR2F1,58
PEX2,58
PITX2,58
PLEKHG5,58
PUF60,58
SLC19A3,58
TTC7A,58
ANO10,57
CHAT,57
COL9A1,57
CTSA,57
DOCK6,57
GATA1,57
HBA2,57
KCNV2,57
MYO6,57
SEPSECS,57
XIAP,57
ACO2,56
CFI,56
CLN8,56
HMGCL,56
KRAS,56
MLYCD,56
RPS19,56
TAB2,56
TGFBR1,56
TRIM37,56
ZNF462,56
APRT,55
ATP13A2,55
BCL11A,55
CARMIL2,55
CLRN1,55
HJV,55
LRP6,55
MPV17,55
NPR2,55
NUS1,55
SMN1,55
STAT3,55
TCN2,55
TJP2,55
TSPEAR,55
UGT1A,55
VRK1,55
ZMYM2,55
CAMTA1,54
CEP78,54
FGD1,54
HADHB,54
IKBKG,54
LEMD3,54
MFRP,54
MOCS1,54
OTOA,54
SBF2,54
SERPINA1,54
SOX5,54
STAT1,54
TAFAZZIN,54
TRAPPC9,54
TTPA,54
WNK1,54
AIPL1,53
EIF2AK4,53
ELAC2,53
ELANE,53
EYA4,53
HIVEP2,53
KRT14,53
NEU1,53
SLC34A3,53
AIP,52
CACNA2D2,52
CASQ2,52
CLCNKB,52
CRTAP,52
DLD,52
EBP,52
EIF2AK3,52
FMO3,52
KIF5A,52
NAGS,52
NDP,52
PGM3,52
SLC25A38,52
SPAG1,52
TLK2,52
VPS13C,52
DYNC1H1,51
FKBP10,51
FOXN1,51
GLRA1,51
HSD3B2,51
IMPG1,51
IRF2BPL,51
MTO1,51
SLC25A15,51
SRCAP,51
TGFB3,51
TREX1,51
ANK2,50
ATL1,50
CD46,50
CYP19A1,50
DGUOK,50
GFAP,50
IFT122,50
MAGEL2,50
NCF2,50
PEX5,50
SYN1,50
THRB,50
TONSL,50
ZMYND11,50
ADSL,49
ASTN2,49
CDK13,49
CHD3,49
FGFR3,49
ITPR1,49
PFKM,49
PSAP,49
SLC19A2,49
TMPRSS15,49
ABCA1,48
ATP2A1,48
CDK5RAP2,48
CYBA,48
DMXL2,48
ERCC3,48
F7,48
FAT4,48
GABRB3,48
GLI2,48
KDM6B,48
LTBP2,48
LTBP4,48
MYLK,48
MYPN,48
PIEZO1,48
SLC25A20,48
SMARCE1,48
UBE3B,48
USH1G,48
ACADS,47
CLCN7,47
CSF1R,47
ETHE1,47
FANCE,47
FOXF1,47
GHR,47
GRM6,47
LRSAM1,47
PARN,47
PEPD,47
QRICH1,47
RTTN,47
STRC,47
TWNK,47
ALOXE3,46
BBS5,46
CACNA1C,46
CHRNG,46
COG5,46
CR2,46
EFNB1,46
GALNT3,46
HDAC8,46
IL7R,46
MCPH1,46
MED17,46
PPOX,46
PRR12,46
SMAD6,46
TBCE,46
TBL1XR1,46
ZBTB20,46
ACOX1,45
ADAMTS18,45
CSNK2A1,45
CTCF,45
DARS2,45
DGKE,45
FBN2,45
GPC3,45
INPP5E,45
KCNJ2,45
LDLRAP1,45
NRXN1,45
ODAD2,45
PAX9,45
PRPF8,45
PYGL,45
QARS1,45
SETD2,45
SLC38A8,45
TSFM,45
ABCG5,44
AP3B1,44
ATP2A2,44
ATP6V0A2,44
ATP6V0A4,44
DNAAF1,44
FBXL4,44
FRMD7,44
GDF5,44
HBA1,44
LGI1,44
MID1,44
NSD2,44
RXYLT1,44
SPATA7,44
TRAPPC11,44
ADAMTS17,43
AP4B1,43
CEBPA,43
CNOT3,43
DLL1,43
FA2H,43
HPS4,43
OTX2,43
POLH,43
SLC9A6,43
SRRM2,43
TNNI3,43
TRPV4,43
ZNF292,43
C6,42
CRPPA,42
CYP4F22,42
DYNC2I2,42
FLVCR1,42
GREB1L,42
IFT80,42
KCNT1,42
MESP2,42
PIK3R1,42
QDPR,42
RAD21,42
RSPH4A,42
SALL4,42
SDCCAG8,42
TCTN2,42
TCTN3,42
VPS13D,42
WDR26,42
AGRN,41
CTLA4,41
ERCC4,41
FBP1,41
G6PC3,41
GORAB,41
HSD17B3,41
INSR,41
LMOD3,41
MMADHC,41
OPHN1,41
PHKG2,41
PRKN,41
PROP1,41
SLC6A5,41
SLC7A9,41
SLCO2A1,41
TNRC6B,41
WDR35,41
C7,40
C9,40
CAPN1,40
COL4A2,40
COL9A2,40
COL9A3,40
CYP24A1,40
DGAT1,40
DLL3,40
DNAAF2,40
ERCC5,40
FBXO7,40
FGD4,40
GAN,40
GGCX,40
HAX1,40
ITGA7,40
KCNJ1,40
KDM5B,40
MUSK,40
MYCN,40
NEFL,40
OPTN,40
P3H2,40
PREPL,40
RLBP1,40
SLC2A2,40
SQSTM1,40
ST3GAL5,40
TBX1,40
WHRN,40
ABCG8,39
AQP2,39
ATP2C1,39
BPTF,39
BSCL2,39
EPM2A,39
ERCC6L2,39
FOXC2,39
FOXP2,39
GABRA1,39
GJC2,39
GNB1,39
HNRNPK,39
IGF1R,39
KIZ,39
LOX,39
MAX,39
MYH11,39
MYO3A,39
NBEA,39
PEX26,39
PNPT1,39
RAB27A,39
SERPINF1,39
SF3B4,39
SYNJ1,39
UROD,39
ZBTB18,39
ZBTB24,39
AARS2,38
AGK,38
AP4M1,38
B3GALNT2,38
BCL11B,38
BRWD3,38
CEP135,38
CFAP410,38
CHAMP1,38
CLCN4,38
CYP2U1,38
DHTKD1,38
DNAAF11,38
ECHS1,38
EPCAM,38
FERMT1,38
FOXRED1,38
GJA1,38
IFT74,38
LPIN1,38
NDUFV1,38
NMNAT1,38
PJVK,38
PLCE1,38
PTPN23,38
SHOX,38
SLC2A10,38
UMOD,38
WDFY3,38
C3,37
CANT1,37
CEP83,37
CHST3,37
COL10A1,37
DNAAF3,37
DYM,37
HYAL1,37
KCNA2,37
KCNJ11,37
LARS2,37
LHCGR,37
MED12,37
MED13,37
MOCS2,37
NLRP3,37
NYX,37
PBX1,37
PIGQ,37
POLR3B,37
PORCN,37
PUS1,37
ROR2,37
RORB,37
SERAC1,37
UBR1,37
ACE,36
AP5Z1,36
ARFGEF1,36
CNKSR2,36
CSF3R,36
CUL4B,36
DNM1,36
FARS2,36
FBXO11,36
KMT5B,36
MNX1,36
MTMR2,36
PGM1,36
PPM1D,36
RBCK1,36
SCO2,36
SETD1A,36
SLC35A2,36
SOS1,36
SPEG,36
TBX4,36
TSPAN12,36
TTC8,36
ZC4H2,36
ACP5,35
AFG3L2,35
ALDH18A1,35
CACNA1B,35
CDAN1,35
CLPB,35
DCAF17,35
DIAPH1,35
DNAJC21,35
DONSON,35
ERF,35
ETFA,35
FOXP3,35
GPR179,35
GTPBP3,35
ITGA6,35
NBEAL2,35
NOG,35
NR3C2,35
NSUN2,35
RPL11,35
SLC24A1,35
STX1B,35
TRPM6,35
ABHD12,34
AMER1,34
C8B,34
CDH3,34
CNNM4,34
CTSD,34
DCC,34
ECEL1,34
EXOSC3,34
FLT4,34
FUS,34
GATA6,34
GMPPB,34
GSS,34
MC4R,34
MEGF10,34
NHLRC1,34
OBSL1,34
PHF6,34
PHYH,34
POLR1C,34
RBM20,34
RNASEH2B,34
RUSC2,34
SLC13A5,34
SLC29A3,34
TAOK1,34
TERC,34
THAP1,34
TNNT2,34
VLDLR,34
VPS33B,34
AEBP1,33
AMN,33
ETV6,33
FANCF,33
HMGCS2,33
KRT10,33
MYH9,33
NFIA,33
OBSCN,33
PEX13,33
PINK1,33
POC1B,33
PRG4,33
RBP3,33
RELA,33
RFX5,33
SCLT1,33
SLC35A3,33
TBR1,33
TBX20,33
TMC6,33
TMEM231,33
ZMPSTE24,33
AP3B2,32
DSG1,32
FGA,32
FRRS1L,32
GALE,32
HFE,32
IFT81,32
KCNQ3,32
KRT1,32
LCT,32
MYRF,32
PHF21A,32
PLS3,32
PNPLA2,32
RIT1,32
ROGDI,32
TRDN,32
VSX2,32
ALAS2,31
ARHGEF9,31
ARL6,31
C5,31
CC2D1A,31
CCDC88A,31
CHRNA1,31
CXCR4,31
CYP11A1,31
DCHS1,31
DNAAF4,31
DNM1L,31
HRAS,31
IHH,31
L2HGDH,31
LDB3,31
MAPT,31
MAT1A,31
NPC2,31
PAPSS2,31
PGAP3,31
PPP3CA,31
RERE,31
RMND1,31
SCN1B,31
SEC63,31
SH2D1A,31
SLC12A5,31
SRY,31
ZIC2,31
ZIC3,31
ARSG,30
ATP2B2,30
CIC,30
CPOX,30
CRB2,30
FYCO1,30
GBA2,30
KLHL40,30
LMBRD1,30
POU1F1,30
RAF1,30
SLC27A4,30
SLC52A2,30
SOX11,30
SP110,30
TANGO2,30
TMEM107,30
BMP1,29
CCNO,29
CHKB,29
CHST14,29
CHST6,29
CWC27,29
EIF2B1,29
F13A1,29
GATA4,29
GNPAT,29
HOXD13,29
HSPB1,29
IRAK4,29
KIAA0753,29
KIDINS220,29
LPIN2,29
MAN1B1,29
MAP2K1,29
MICU1,29
NIPAL4,29
PNPO,29
PYCR1,29
SMC3,29
STAT2,29
SYNE4,29
TAT,29
TCTN1,29
TUBGCP4,29
APTX,28
ARMC9,28
ATF6,28
B4GALNT1,28
C1S,28
CENPF,28
DNAAF5,28
DNMT3B,28
GHRHR,28
GLMN,28
GNRHR,28
GYS1,28
IFIH1,28
KCNA1,28
KLHL7,28
PEX16,28
PGAP1,28
PHKA1,28
PRDM5,28
PTPRQ,28
SPTBN2,28
TEK,28
TNFRSF13B,28
TRAPPC2,28
ALG12,27
ALG8,27
APOA1,27
BSND,27
CLDN16,27
CNTN2,27
CNTNAP1,27
COL5A2,27
COQ4,27
EFEMP2,27
FAN1,27
GFPT1,27
H1-4,27
IBA57,27
IFNGR1,27
INF2,27
KCNQ4,27
KLHL41,27
LAMB1,27
LARGE1,27
MAGT1,27
MAP1B,27
PNPLA1,27
SDHAF2,27
SEC24D,27
SGCD,27
SLC34A1,27
TMEM237,27
WDPCP,27
ZNF142,27
ADCY5,26
AMHR2,26
CEP63,26
CHRND,26
CLCN2,26
COQ8B,26
CYB5R3,26
EIF2B2,26
EXOSC9,26
FTL,26
GPAA1,26
HERC1,26
HPD,26
JUP,26
NAGA,26
PNP,26
RNF168,26
RTN4IP1,26
SIL1,26
SMARCC2,26
TAP1,26
TMEM70,26
TRAF3IP1,26
VDR,26
WNT1,26
ACTA2,25
ACTG2,25
AGBL5,25
AVP,25
CEP104,25
ECM1,25
FANCB,25
HR,25
IARS1,25
ILDR1,25
INPPL1,25
KDM3B,25
LRAT,25
MOGS,25
MSX1,25
MTOR,25
NR4A2,25
PIGA,25
PLK4,25
PRKCSH,25
RINT1,25
RPS26,25
SCNN1B,25
SET,25
SLC40A1,25
SPTBN1,25
TFAP2A,25
TMEM216,25
TMPRSS6,25
TRIP4,25
TUBB3,25
UBA5,25
UROS,25
VCP,25
ZAP70,25
ZMIZ1,25
ACTG1,24
AMPD2,24
COX15,24
DDHD1,24
DNHD1,24
F2,24
GABRB2,24
GNAT2,24
GP1BA,24
GYG1,24
HTRA1,24
LBR,24
MARVELD2,24
MTFMT,24
MYSM1,24
NDRG1,24
NDUFS4,24
NHEJ1,24
NRL,24
OSTM1,24
PDE3B,24
PIGB,24
POMK,24
POP1,24
PRMT7,24
PSAT1,24
RASGRP1,24
RDH5,24
RNASEH2A,24
RSPH3,24
SBDS,24
SCAF4,24
SCARB2,24
SPR,24
STAG2,24
STAT5B,24
STUB1,24
TANC2,24
TNNT1,24
TUBB2B,24
TYK2,24
YARS2,24
YWHAG,24
ZEB1,24
ABHD5,23
ACAD8,23
AGPAT2,23
ANKS6,23
ARCN1,23
ARL13B,23
ATP8A2,23
B3GALT6,23
B3GAT3,23
BICRA,23
C19orf12,23
CABP4,23
CEP120,23
CSRP3,23
CUX1,23
DDHD2,23
DLG3,23
DPYS,23
DRC1,23
DSPP,23
FAM83H,23
GANAB,23
GH1,23
ITPA,23
LCAT,23
LHX3,23
MSL3,23
NONO,23
NT5C2,23
OPLAH,23
POLG2,23
RAB3GAP2,23
RFX6,23
SLC1A4,23
SLC25A46,23
SLC5A5,23
STRA6,23
TPRN,23
WDR73,23
XDH,23
YY1,23
ZMYND10,23
ADAM9,22
ANO6,22
BMP2,22
C8A,22
CARD11,22
CAST,22
CNNM2,22
COCH,22
DPYD,22
EDNRB,22
EIF2B4,22
ERLIN2,22
FOXE3,22
FREM1,22
GJA8,22
GYS2,22
HPGD,22
HYDIN,22
IMPDH1,22
LSS,22
MECR,22
MEGF8,22
MEIS2,22
PDGFRB,22
PDHB,22
PDHX,22
PEX3,22
PKD1L1,22
PLOD2,22
POMGNT2,22
POU3F3,22
POU4F3,22
RFXANK,22
RRM2B,22
SAR1B,22
SBF1,22
SCNN1A,22
SHANK2,22
SKI,22
SNX14,22
STIM1,22
SUCLG1,22
TMC8,22
TOP3A,22
TUBB4A,22
UPF3B,22
WASHC5,22
ABCD4,21
ADAMTS10,21
ADCY10,21
AICDA,21
AMH,21
ARHGEF18,21
ARSL,21
AUH,21
BLTP1,21
CDT1,21
COL13A1,21
DDX11,21
FAT1,21
GNB5,21
HCN1,21
KARS1,21
KCNMA1,21
KCNQ5,21
KLHL3,21
MC2R,21
NARS2,21
NNT,21
NR2F2,21
ORC1,21
PPARG,21
PQBP1,21
PRNP,21
PSMD12,21
RBM10,21
RCBTB1,21
RSPH1,21
SCYL1,21
SMARCD2,21
SPI1,21
TBX3,21
TCAP,21
USP53,21
VARS2,21
ACTL6B,20
ADSS1,20
ALG3,20
ARPC1B,20
ASCC1,20
BCL10,20
CBL,20
CD36,20
CD63,20
CFAP418,20
CIB2,20
COASY,20
CRLF1,20
CTNND1,20
DNAJC12,20
DPAGT1,20
DRAM2,20
EARS2,20
ELOVL4,20
FAM20C,20
FLAD1,20
FNIP1,20
GARS1,20
GDF1,20
GOSR2,20
GPI,20
GPSM2,20
IGSF1,20
KCNJ10,20
LIAS,20
LMF1,20
MMP2,20
MPLKIP,20
NAA10,20
NDUFS1,20
NEK8,20
NFIB,20
ODAD1,20
PNPLA8,20
PRKCG,20
PRPS1,20
PTH1R,20
PUS7,20
RAB23,20
RARS1,20
RETREG1,20
RFXAP,20
RORA,20
SAG,20
SGPL1,20
SLC52A3,20
SLC5A1,20
SMAD2,20
STAG1,20
TNFRSF11A,20
USB1,20
USP7,20
VIPAS39,20
ABAT,19
ACADSB,19
ALB,19
ANKRD17,19
ANTXR2,19
APP,19
BLOC1S6,19
CD55,19
CDK10,19
CHD4,19
CNOT1,19
COG4,19
DYNC2I1,19
EPS8L2,19
FASTKD2,19
GNAT1,19
HMOX1,19
HPDL,19
IL10RA,19
IPO8,19
KCTD7,19
KRT6A,19
LRP4,19
MT-ATP6,19
MYEF2,19
NCF4,19
NDUFS6,19
NEMF,19
ODAD3,19
PHF8,19
PLOD3,19
PLPBP,19
POLK,19
POMGNT1,19
PPP2CA,19
PPP2R5D,19
PTPRC,19
PXDN,19
REEP6,19
RGS9,19
ROBO1,19
SIX3,19
SLC9A3,19
SUZ12,19
TAP2,19
TIMM8A,19
TPK1,19
TPM2,19
VCAN,19
XYLT1,19
AK2,18
AP1S2,18
BICD2,18
CARD9,18
COG7,18
CSF2RA,18
CTSF,18
DKC1,18
DOCK2,18
EPB41,18
F10,18
FERMT3,18
FOLR1,18
GATM,18
GLRB,18
GRIA3,18
HADH,18
HINT1,18
HSD3B7,18
IKBKB,18
ITSN1,18
KATNIP,18
KCNH1,18
KIF1C,18
LRRK1,18
MECOM,18
MMP13,18
NDUFAF6,18
ORC4,18
PIGT,18
PIK3C2A,18
POGLUT1,18
PRMT9,18
PRUNE1,18
PSMB8,18
PYROXD1,18
RIPK1,18
RNF14,18
RNF216,18
ROBO3,18
SCP2,18
SPART,18
STRADA,18
STX11,18
TNFRSF1A,18
ZNF341,18
AAGAB,17
ALG9,17
ARMC5,17
ATP2B1,17
C12orf57,17
CAV3,17
CHRDL1,17
CHRNB1,17
CIT,17
CLASP1,17
CNTN1,17
COQ9,17
D2HGDH,17
DCDC2,17
DDR2,17
DENND5A,17
DHDDS,17
DNAAF19,17
FCHO1,17
FGG,17
HACE1,17
HESX1,17
HIBCH,17
IFT43,17
IL17RA,17
IL6ST,17
KRT16,17
LEPR,17
LRRC56,17
MAFB,17
MORC2,17
NOD2,17
PLG,17
POC1A,17
SATB1,17
SMAD9,17
SORL1,17
SOX6,17
STAMBP,17
TARDBP,17
TCF3,17
TPM3,17
TTC19,17
UCHL1,17
ADAM17,16
AIMP1,16
ANK3,16
AP4E1,16
C2,16
CAPRIN1,16
CASP8,16
CEP41,16
CKAP2L,16
COG6,16
CRYGC,16
DLL4,16
DNM2,16
DVL1,16
EEF1A2,16
ENTPD5,16
ERBB2,16
FGF3,16
GUCA1A,16
HK1,16
IARS2,16
INS,16
ITK,16
KIF14,16
KLF1,16
KRT17,16
KYNU,16
MALT1,16
MARK2,16
MBTPS1,16
MED16,16
MIP,16
MT-CO1,16
MTHFD1,16
MTRFR,16
NAXE,16
NEXN,16
NT5C3A,16
PI4KA,16
PLCB4,16
PRKAG2,16
PRKAR1B,16
PRSS56,16
SIGMAR1,16
SLC12A2,16
SLC25A22,16
SLC46A1,16
SMPX,16
SUCLA2,16
TBX19,16
TUBB2A,16
VARS1,16
XPO1,16
XRCC4,16
ABL1,15
ALX4,15
ASPH,15
BCHE,15
C1R,15
CACNA1E,15
CDH2,15
COQ2,15
CWF19L1,15
DPM1,15
EPRS1,15
ESPN,15
FLVCR2,15
FSHR,15
FSIP2,15
FXN,15
GIPC3,15
GPIHBP1,15
HELLS,15
IGF2,15
LARS1,15
MADD,15
MEFV,15
MOCOS,15
MYH14,15
NCSTN,15
POMC,15
PPP1R21,15
REST,15
SFTPC,15
SLC25A4,15
SLC6A19,15
SNAP29,15
SNX27,15
SPTBN4,15
SRD5A3,15
TECRL,15
TET3,15
TFAP2B,15
TINF2,15
TPP2,15
TRIM8,15
UBA2,15
UNG,15
ZFHX3,15
ZNF335,15
ACBD5,14
ADGRL1,14
AIFM1,14
AP1G1,14
AP4S1,14
ARFGEF2,14
ATP6V1A,14
BMPER,14
CAMK2A,14
CD3E,14
CEP57,14
CFAP300,14
CFAP43,14
CLDN14,14
COG1,14
EGLN1,14
EGR2,14
FBXW7,14
FKBP14,14
FRYL,14
GNAL,14
GP6,14
GRHL2,14
GRIP1,14
GRXCR1,14
HUWE1,14
IFNAR1,14
IL11RA,14
JARID2,14
KCNE1,14
KRT9,14
LHFPL5,14
LRTOMT,14
MAF,14
MAP3K7,14
MBOAT7,14
MBTPS2,14
MMP21,14
MN1,14
MRPS22,14
NKX6-2,14
NRAS,14
OTUD6B,14
PAX1,14
PCSK9,14
PDGFB,14
PKDCC,14
PLCB1,14
PNLIP,14
PPP1R12A,14
PYCR2,14
RAB28,14
RASGRP2,14
RDX,14
RHAG,14
RP1L1,14
RSPH9,14
SLC16A1,14
SLC22A12,14
SLC26A5,14
SLC5A2,14
STK4,14
TALDO1,14
TBX6,14
TGFBI,14
TMEM147,14
TMEM260,14
TPM1,14
TREM2,14
TRMT1,14
UPB1,14
WDR72,14
AGTPBP1,13
ALDH1A3,13
ALK,13
AMELX,13
APOC2,13
ARL2BP,13
ASXL2,13
B3GLCT,13
BRD4,13
CA2,13
CALM2,13
CARD14,13
CCND2,13
CD27,13
CD3G,13
CLPP,13
CREB3L3,13
CRYAB,13
DMP1,13
DNAJB6,13
DRP2,13
DYNC2LI1,13
ETFB,13
EZH2,13
FMR1,13
FN1,13
GEMIN5,13
GJA3,13
GMPPA,13
GRHL3,13
HCN2,13
HCN4,13
HEPACAM,13
HSD11B2,13
HSF4,13
IDH3A,13
ITCH,13
KCND3,13
KPTN,13
LMBR1,13
MAP2K2,13
METTL23,13
MGME1,13
MYOC,13
NPRL2,13
PAX8,13
PDE4D,13
PLD1,13
PPP2R1A,13
PTHLH,13
REN,13
SEMA6B,13
SLC25A12,13
SMOC1,13
STIL,13
TBC1D32,13
TBXAS1,13
TELO2,13
TEX11,13
THOC6,13
TMEM126B,13
TMEM94,13
TOR1AIP1,13
TRAF3IP2,13
TRIT1,13
TUBB,13
TUBB8,13
UBAP1,13
WDR81,13
WNT10B,13
XK,13
APC2,12
APOE,12
ATP1A1,12
CCBE1,12
CD3D,12
CDC14A,12
CDC45,12
CPAMD8,12
DHH,12
DHX30,12
DIP2C,12
DNAJC19,12
DPM3,12
DSG4,12
EDEM3,12
EPHA2,12
ESRRB,12
EXPH5,12
GDF2,12
GK,12
GLUD1,12
HPSE2,12
HSPB8,12
HTRA2,12
LZTFL1,12
MASP1,12
MCIDAS,12
MYORG,12
NDUFAF2,12
NFU1,12
NSDHL,12
NUP107,12
OCLN,12
OPA3,12
ORC6,12
POLR2A,12
PRKCD,12
PRODH,12
RAB33B,12
RAC1,12
RD3,12
RIN2,12
SAMD9,12
SERPINH1,12
SHOC1,12
SMS,12
SRSF1,12
ST3GAL3,12
TDP2,12
THRA,12
TMEM138,12
TRMT10A,12
TUBA4A,12
ZBTB7A,12
ZDHHC9,12
AP1B1,11
ATP6V0C,11
B4GALT7,11
BCAP31,11
CALM1,11
CHD5,11
CLDN19,11
CSTB,11
DEGS1,11
DHX9,11
DNAJB2,11
DUOXA2,11
ENAM,11
FAM20A,11
FARSB,11
FGF10,11
FGF14,11
FTCD,11
GCNT2,11
GIGYF1,11
GNA11,11
GP1BB,11
GP9,11
GRIA2,11
GZF1,11
H3-3A,11
HACD1,11
HARS2,11
HBD,11
HECW2,11
IFT27,11
IL10RB,11
IL12B,11
INTS1,11
ITGA8,11
JAM3,11
KDM2B,11
KERA,11
KISS1R,11
LINS1,11
MAP3K1,11
MAP3K20,11
MDH2,11
MET,11
MSN,11
MYO1E,11
NCF1,11
NEK9,11
NR3C1,11
NUBPL,11
ORAI1,11
PABPN1,11
PAK3,11
PEX19,11
PGK1,11
PIDD1,11
PIGL,11
PIKFYVE,11
PPFIBP1,11
PRDM12,11
PUM1,11
RARB,11
RBM8A,11
RPS24,11
RSPO4,11
SFRP4,11
SHANK1,11
SIX1,11
SLC25A1,11
SLC25A19,11
SNX10,11
SOX4,11
SPINT2,11
SSR4,11
STAC3,11
STAG3,11
TAF1,11
TFE3,11
TMIE,11
TOE1,11
TRAF7,11
TRAPPC12,11
TRPV6,11
YARS1,11
ZP1,11
AASS,10
ADGRG2,10
ANKH,10
ATP6V1B2,10
BMPR1B,10
C1QBP,10
CAVIN1,10
CDC20,10
CDC42,10
CDK8,10
CEBPE,10
CELF2,10
CEP55,10
CHN1,10
CIB1,10
CRELD1,10
CTRC,10
DDB2,10
DNAJB11,10
DVL3,10
DZIP1L,10
ENTPD1,10
EOGT,10
F13B,10
FAR1,10
FDXR,10
FGB,10
FTSJ1,10
GAD1,10
GPD1,10
GPNMB,10
GTPBP2,10
GUCY1A1,10
HERC2,10
HYCC1,10
IDH3B,10
IL1RAPL1,10
IL2RA,10
KCTD1,10
KDM4B,10
KIFBP,10
LGI3,10
MAGED2,10
MLIP,10
MSTO1,10
MSX2,10
MYCBP2,10
NADSYN1,10
NCKAP1,10
NDUFA12,10
NDUFV2,10
NECTIN4,10
NEUROG3,10
NLRP7,10
NOVA2,10
NRCAM,10
OXCT1,10
PGAM2,10
PMPCA,10
POLRMT,10
PPIB,10
PRDM16,10
PUS3,10
RNPC3,10
RPL15,10
SCAPER,10
SCN3A,10
SFTPB,10
SFXN4,10
SIRT4,10
SLC24A5,10
SMPD4,10
SNRNP200,10
SPECC1L,10
STX3,10
TACR3,10
TACSTD2,10
TBC1D23,10
TEX15,10
TMCO1,10
TMTC3,10
TNFRSF9,10
TOPORS,10
TRAIP,10
TRIM14,10
TRPC6,10
TRPV3,10
TUSC3,10
UBIAD1,10
VAC14,10
XYLT2,10
ZBTB11,10
ZFP57,10
ACP4,9
ACVR1,9
ACY1,9
AFG2B,9
AGO2,9
AGT,9
AHCY,9
AKR1D1,9
ALX3,9
ANO3,9
ASCC3,9
BRSK2,9
C1QA,9
CACNA1D,9
CAMK2B,9
CAV1,9
CBLIF,9
CD40,9
CDH11,9
CEACAM16,9
CFAP298,9
CFAP44,9
COQ7,9
CRYAA,9
CRYGD,9
CSGALNACT1,9
DBH,9
DOCK11,9
DPH1,9
DRC2,9
DROSHA,9
ELP2,9
EPS8,9
F12,9
FGF23,9
FLT3,9
FTH1,9
GABRA2,9
GCM2,9
GLUL,9
GPT2,9
GRM1,9
HFM1,9
ICOS,9
IL36RN,9
KATNB1,9
KCNN2,9
KRT12,9
LCK,9
LIPH,9
LMAN1,9
LONP1,9
LYRM7,9
MAG,9
MCM8,9
MED23,9
NAXD,9
NCR1,9
NFKB2,9
NFKBIA,9
NLRP5,9
NOBOX,9
NUP188,9
OTULIN,9
P2RY12,9
PABPC1L,9
PADI6,9
PAPPA2,9
PARK7,9
PCYT1A,9
PIGK,9
PIK3C2G,9
PIK3CD,9
PLAA,9
PLN,9
POLR1D,9
PPA2,9
PRCD,9
PTBP1,9
RHOBTB2,9
RNASET2,9
RORC,9
RTN2,9
SLC33A1,9
SLC34A2,9
SLC39A14,9
SLC4A10,9
SLC5A6,9
SLURP1,9
SMO,9
SPEF2,9
SPG21,9
SPINK1,9
SPTLC1,9
SYT1,9
SYT2,9
TAF4,9
TBX22,9
TGM5,9
TMEM151A,9
TNFRSF11B,9
TNR,9
TRIM28,9
TRRAP,9
TSHB,9
TUB,9
UBAP2L,9
UBE2T,9
UGGT1,9
VPS16,9
WBP11,9
ZFPM2,9
ZNF699,9
ABCA2,8
ACTN2,8
ADPRS,8
AKT3,8
ANKRD26,8
ARF1,8
ARR3,8
ATAD3A,8
ATG7,8
ATP6V0A1,8
ATP9A,8
B9D1,8
BMP15,8
BMP4,8
BPNT2,8
CD19,8
CD247,8
CDC42BPB,8
CEP85L,8
CERS3,8
CORO1A,8
CPT1C,8
CREB3L1,8
CRIPT,8
CRYBB2,8
CSDE1,8
CYFIP2,8
DAG1,8
DCTN1,8
DEF6,8
DHODH,8
DLAT,8
DNAJC6,8
DNASE1L3,8
DOLK,8
DPM2,8
DTNBP1,8
DYNLT2B,8
EDARADD,8
EFEMP1,8
EIF4A2,8
EMC10,8
EPB42,8
FERRY3,8
FRA10AC1,8
GFI1B,8
GIGYF2,8
GLDN,8
GLS,8
GNAI1,8
GNAQ,8
GNB2,8
GOLGA2,8
GPX4,8
GRM7,8
GTF2H5,8
GTF3C3,8
GUCY2C,8
H3-3B,8
HBG2,8
HCFC1,8
HOXA13,8
HSD17B10,8
IFNAR2,8
IL1RN,8
KCNC2,8
KCNJ16,8
KIF21A,8
KITLG,8
KLHL24,8
LAT,8
LGI4,8
LHX4,8
LIG3,8
LRRK2,8
MACF1,8
MAOA,8
MFSD2A,8
MINPP1,8
MOS,8
MRAP,8
MSH4,8
NDE1,8
NFASC,8
NPM1,8
NUP93,8
PCBD1,8
PDE8B,8
PGM2L1,8
PIBF1,8
PIGS,8
PIK3R2,8
PLXNB2,8
PMFBP1,8
PRDM13,8
PRDX3,8
PRPF3,8
PRSS1,8
PSMB10,8
RAB39B,8
RAX2,8
RRAS2,8
SCARF2,8
SCNN1G,8
SCO1,8
SCUBE3,8
SERPINB7,8
SH3BP2,8
SH3PXD2B,8
SLA,8
SLC35C1,8
SLC35D1,8
SLC6A3,8
SOCS1,8
SORD,8
SPTLC2,8
ST14,8
THOC2,8
THPO,8
TIMP3,8
TTC12,8
UBE2A,8
UGDH,8
UNC79,8
VAMP2,8
WDR1,8
WDR11,8
WDR4,8
WNK3,8
YIF1B,8
ZNFX1,8
ACSM3,7
ACTN1,7
ADAMTSL2,7
ADK,7
AFF3,7
AGPS,7
AHR,7
AK1,7
ALDOA,7
ALG11,7
AP1S1,7
ARHGAP35,7
ATG4D,7
ATN1,7
ATP6AP1,7
BAZ2B,7
BCKDK,7
BLNK,7
C2orf69,7
CAMK2D,7
CD2AP,7
CFAP61,7
CFB,7
CHSY1,7
COA8,7
COG8,7
COX20,7
CRYBA1,7
CRYBA4,7
DCT,7
DNA2,7
DNAAF6,7
DNAH17,7
DNAJB13,7
DOT1L,7
DPF2,7
EIF2B3,7
ELF4,7
ERBB3,7
ERCC1,7
FBXO28,7
FGF8,7
FMN2,7
FOCAD,7
GCSH,7
GDI1,7
GJA5,7
GJB3,7
GLIS3,7
GLRX5,7
GM2A,7
GPC4,7
GRIN2D,7
GSDME,7
HARS1,7
HDAC4,7
HMGCS1,7
HNRNPH2,7
HYAL2,7
IFNGR2,7
IL2RB,7
INPP5K,7
ITGA3,7
JAM2,7
KAT8,7
KDM1A,7
KLKB1,7
KNG1,7
KRT2,7
LAMA5,7
LETM1,7
LMNB1,7
MAMLD1,7
MAPK1,7
MAPKBP1,7
MCFD2,7
MFF,7
MIPEP,7
MMP20,7
MPO,7
MPZL2,7
MSL2,7
MYH6,7
MYL2,7
NDUFA9,7
NDUFS7,7
NKX3-2,7
NLGN4X,7
NLRC4,7
NODAL,7
NR1H4,7
NRROS,7
ODAD4,7
OGT,7
OPN1LW,7
PADI3,7
PDE3A,7
PDE6D,7
PDGFRA,7
PGAP2,7
PKD1L1-AS1,7
PKP1,7
PLXNA1,7
POLA1,7
PPFIA3,7
PSEN2,7
PSENEN,7
QRSL1,7
RALGAPA1,7
RAX,7
RBP4,7
RFT1,7
RFX7,7
RPL13,7
RSRC1,7
SECISBP2,7
SF3B2,7
SLC10A7,7
SLC11A2,7
SLC18A2,7
SLC25A3,7
SLC2A9,7
SLC4A4,7
SLC6A9,7
SMARCD1,7
SMG8,7
SMG9,7
SOS2,7
STS,7
TCF7L2,7
TDRD7,7
TEX14,7
TPI1,7
TRAPPC6B,7
TSEN2,7
TTC29,7
TTI2,7
TWIST2,7
TXNDC15,7
TXNL4A,7
UNC45A,7
UNC93B1,7
VAMP1,7
VMA21,7
WASF1,7
ZNF148,7
ZNF408,7
ZNF711,7
ZNRF3,7
ACBD6,6
ACSL4,6
ACTC1,6
ACTL7A,6
ACTN4,6
ADAMTS19,6
ADARB1,6
AFF2,6
ALDH4A1,6
ALDH6A1,6
ALG2,6
AMFR,6
AMMECR1,6
ANG,6
ANO4,6
APOA5,6
ARHGAP29,6
ARMC2,6
ARNT2,6
ARV1,6
ATP13A3,6
BAIAP2,6
BCAS3,6
BCAT2,6
BRF1,6
C1GALT1C1,6
CA5A,6
CALM3,6
CELSR1,6
CFAP251,6
CFD,6
CFL2,6
CFP,6
CIROP,6
CLDN1,6
CLDN10,6
CLMP,6
CNP,6
COLGALT1,6
COPA,6
CPE,6
CRADD,6
DARS1,6
DDX6,6
DNAH2,6
DNAJC3,6
DNAJC30,6
DNAL1,6
DOCK3,6
DPY19L2,6
DRC4,6
EHMT2,6
EIF5A,6
EMILIN1,6
EML1,6
ESR1,6
FRMPD4,6
FZD5,6
FZD6,6
GABBR2,6
H6PD,6
HBG1,6
HID1,6
HNRNPH1,6
IFT52,6
IGH,6
IL21R,6
INPP4A,6
KASH5,6
KCNC3,6
KCNK3,6
KDM2A,6
KDM5A,6
KIF4A,6
KLF6,6
LDHA,6
LEP,6
LHB,6
LITAF,6
LRMDA,6
MAPK8IP3,6
MAPKAPK5,6
MAST1,6
MATN3,6
METTL5,6
METTL8,6
MGAT2,6
MKRN3,6
MRPS34,6
MTX2,6
MYBPC1,6
MYMK,6
MYO5A,6
NAA60,6
NARS1,6
NDUFS2,6
NHLRC2,6
NSMCE2,6
NTNG2,6
NXN,6
ODC1,6
OPN1MW,6
OSGEP,6
P4HTM,6
PATL2,6
PDE10A,6
PDE2A,6
PDSS1,6
PERP,6
PEX11B,6
PIGV,6
PIP5K1C,6
PISD,6
PLVAP,6
POFUT1,6
POPDC3,6
PPP1CB,6
PPP2R3C,6
PRKG2,6
PTCHD1,6
PTDSS1,6
PTF1A,6
REL,6
RFC4,6
RIPK4,6
RLIM,6
RNF213,6
RPIA,6
RPL35A,6
RPS10,6
RPS7,6
RPSA,6
RRAGD,6
SCN11A,6
SDR9C7,6
SERPINI1,6
SLC30A10,6
SLC38A3,6
SMARCAD1,6
SNAP25,6
SNAPC4,6
SNF8,6
STING1,6
TAF8,6
TBC1D2B,6
TCN1,6
TGDS,6
TMEM63B,6
TMX2,6
TNNC1,6
TNNI2,6
TOGARAM1,6
TOR1A,6
TRA2B,6
TRAK1,6
TRIP13,6
TTBK2,6
TTC21A,6
TTC5,6
TULP3,6
U2AF2,6
UBR5,6
UNC13A,6
UVSSA,6
VWA1,6
WARS2,6
WEE2-AS1,6
WIPF1,6
WNT7A,6
XPNPEP3,6
YY1AP1,6
ZFX,6
ZFYVE19,6
ZIC1,6
ZP2,6
ABCB6,5
ABHD16A,5
ACER3,5
ADAM22,5
ADGRG6,5
AFF4,5
AGTR1,5
ALG5,5
ANXA11,5
ARF3,5
ATP11A,5
ATP6AP2,5
B9D2,5
BAAT,5
BFSP1,5
BLOC1S3,5
BUB1,5
CA8,5
CAPN15,5
CARS1,5
CCDC65,5
CCIN,5
CCNQ,5
CCR2,5
CD79A,5
CDSN,5
CETP,5
CFAP54,5
CFAP58,5
CFAP65,5
CFAP74,5
CHCHD10,5
CHRNA3,5
COA7,5
COLEC11,5
COX10,5
CPSF1,5
CRBN,5
CTNNA2,5
CTU2,5
DACT1,5
DAGLA,5
DAW1,5
DCLRE1B,5
DDX59,5
DHX37,5
DNMT1,5
EDN3,5
EED,5
ELFN1,5
EMX2,5
EXOC6B,5
EXOC7,5
EXOSC5,5
FAM111A,5
FBLN5,5
FILIP1,5
FITM2,5
FLI1,5
FOXJ1,5
FUT1,5
GABRA5,5
GALM,5
GAS8,5
GFER,5
GFM2,5
GJB6,5
GLI1,5
GRID2,5
GRK1,5
GRXCR2,5
GSN,5
H4C5,5
HAAO,5
HAMP,5
HEATR3,5
HECTD4,5
HGF,5
HMGA2,5
HNRNPR,5
HOXA2,5
HS2ST1,5
IKZF1,5
IKZF5,5
IQCE,5
ITGB6,5
JPH2,5
KCNC1,5
KCND2,5
KCNH5,5
KCNJ5,5
KCNT2,5
KIAA0825,5
KICS2,5
KIF26A,5
KLHL20,5
KNL1,5
KRT86,5
LACC1,5
LDHD,5
LFNG,5
LHX2,5
LNPK,5
LRIG2,5
LRP1,5
MAD1L1,5
MAP4K4,5
MARS1,5
MAST3,5
MCEE,5
MCM7,5
MCM9,5
MEIOB,5
MESD,5
MPIG6B,5
MT-CO2,5
MYL4,5
MYOT,5
NCAPD3,5
NCKAP1L,5
NDUFAF3,5
NDUFS3,5
NECTIN1,5
NEK10,5
NLRP12,5
NTRK2,5
OTUD5,5
PAN2,5
PAX7,5
PCDHGA8,5
PIGC,5
PIGW,5
PITX3,5
PKHD1L1,5
PLA2G4A,5
PLCD1,5
PLCG2,5
PLIN1,5
PLXND1,5
PNLDC1,5
POLD1,5
POU4F1,5
PPP1R13L,5
PRKACB,5
PROKR2,5
PRORP,5
PRRX1,5
PTPRO,5
RAB18,5
RAC3,5
RAD51,5
RALA,5
RBBP8,5
RFC1,5
RHEB,5
RIMS2,5
RPL3L,5
RPS17,5
RPS6KC1,5
RSPO1,5
RSPRY1,5
SAMD7,5
SAMD9L,5
SDHAF1,5
SERPINA7,5
SLC24A4,5
SLC25A11,5
SLC25A26,5
SLF2,5
SLITRK6,5
SNRPB,5
SOST,5
SOX18,5
SRP54,5
STAT6,5
SULT2B1,5
SUN5,5
TBC1D20,5
TBC1D7,5
TCP1,5
TDRD9,5
TENM3,5
TF,5
TGFB1,5
THSD4,5
TLR7,5
TMEM126A,5
TMEM222,5
TMEM38B,5
TYMS,5
TYROBP,5
UBOX5,5
UBR7,5
UPF1,5
UROC1,5
USP8,5
VMA12,5
WDR83OS,5
WNT4,5
YIPF5,5
YWHAZ,5
ZMYND15,5
ZNF808,5
ZSCAN10,5
ABCB7,4
ADAM10,4
ADH5,4
AGO1,4
AIMP2,4
AKR1C2,4
AKT1,4
ALDH1A2,4
ALG13,4
AMD1,4
AMOTL1,4
AOPEP,4
AQP5,4
ATCAY,4
ATOH7,4
AURKC,4
AXIN1,4
BIN1,4
BOLA3,4
BPGM,4
C14orf39,4
C3orf52,4
CA4,4
CACNA1I,4
CAPN5,4
CASP10,4
CASP2,4
CASZ1,4
CEP295,4
CERT1,4
CFAP45,4
CFAP69,4
CHEK1,4
CHMP2B,4
CHRNB2,4
CHUK,4
CLCF1,4
CNPY3,4
COG2,4
COL25A1,4
COLEC10,4
COPB2,4
COQ6,4
COX11,4
CRYGS,4
CSTA,4
CXCR2,4
DAP3,4
DCN,4
DHX16,4
DLX3,4
DLX5,4
DNAJB4,4
DNAJC5,4
DNASE1L1,4
DNMBP,4
DOHH,4
DSE,4
DTYMK,4
DYNC1I2,4
EDN1,4
EEF1D,4
EIF2S3,4
ELMO2,4
EPAS1,4
FBXL3,4
FBXO22,4
FBXO43,4
FGF13,4
FIGLA,4
FOSL2,4
FOXE1,4
FSHB,4
FUT8,4
FZD2,4
FZR1,4
GATA5,4
GBF1,4
GCGR,4
GCOM1,4
GDAP2,4
GJB4,4
GNAI2,4
GNAI3,4
GPATCH11,4
GPC6,4
GPR68,4
GRIA4,4
GRIK2,4
H4C3,4
HHAT,4
HNRNPA1,4
HNRNPA2B1,4
HOXA1,4
HOXC13,4
HSPA9,4
HTT,4
IDH1,4
IGF1,4
INSL3,4
IRF1,4
IRX5,4
ITGAV,4
ITPR3,4
JAK2,4
KCNK4,4
KCNN3,4
KDELR2,4
KIAA1549,4
KIF12,4
KIF22,4
KIF2A,4
KIF5C,4
KLK4,4
KPNA3,4
KRT6B,4
LEF1,4
LMNB2,4
LMOD2,4
LMX1A,4
LORICRIN,4
LRIT3,4
LRRC7,4
LTBP1,4
LYN,4
LYZ,4
MAGI2,4
MAPRE2,4
MARS2,4
MCM10,4
MED12L,4
MEOX1,4
MGP,4
MLPH,4
MRPL49,4
MSH5,4
MT-CO3,4
MT-CYB,4
MT-ND5,4
MTHFS,4
MVD,4
MXI1,4
MYC,4
MYD88,4
MYH10,4
MYL11,4
NDUFA6,4
NDUFAF8,4
NDUFB11,4
NDUFS8,4
NECAP1,4
NEDD4L,4
NEFH,4
NEUROD2,4
NFE2L2,4
NIPA1,4
NLGN3,4
NLRP1,4
NR6A1,4
NSUN3,4
NUP160,4
NUP214,4
OGDH,4
OSBPL2,4
OSMR,4
OVOL2,4
PAK1,4
PANX1,4
PCYT2,4
PDE6G,4
PDX1,4
PEX14,4
PGBD5,4
PI4KB,4
PMP2,4
PODXL,4
POLR1A,4
POMP,4
PSMC3,4
PSTPIP1,4
PTCD3,4
PTH,4
QRICH2,4
RAB7A,4
RAC2,4
RAP1B,4
RBL2,4
REEP2,4
RELT,4
RHCE,4
RNF13,4
RNF170,4
RNF43,4
RNU12,4
RNU2-2,4
RPL10,4
RPS20,4
SARM1,4
SCYL2,4
SEC61A1,4
SELENOI,4
SERPINF2,4
SFTPA1,4
SFTPA2,4
SH2B3,4
SHOC2,4
SIAH1,4
SIK1,4
SIM1,4
SLC30A2,4
SLC35A1,4
SLC44A1,4
SLITRK2,4
SNCA,4
SPARC,4
SPATA22,4
SPIDR,4
SPOP,4
SUPT16H,4
SYCE1,4
SYP,4
TAMM41,4
TAPT1,4
TBX18,4
TERB1,4
TFG,4
TGIF1,4
TGM6,4
THSD1,4
TIAM1,4
TIMM50,4
TMEM163,4
TMEM165,4
TMEM63A,4
TMEM63C,4
TNFSF11,4
TNPO2,4
TOP2B,4
TP53BP1,4
TP53RK,4
TP73,4
TRAF3,4
TRIM71,4
TRPM4,4
TRPM7,4
TSPOAP1,4
TTI1,4
TUBB1,4
TUBB4B,4
UBAP1L,4
UBE4A,4
UFSP2,4
USP27X,4
VMA22,4
VPS35L,4
VPS41,4
VPS4A,4
WDR37,4
WNT7B,4
XPR1,4
YRDC,4
ZFHX4,4
ZP3,4
ABCB1,3
ACD,3
ACTL9,3
ACVR1B,3
ADAMTS15,3
ADAMTS3,3
ADCY3,3
ADCY6,3
AK9,3
ALAD,3
ALKBH8,3
AMBN,3
ANAPC1,3
ANAPC15,3
ANKLE2,3
AP2S1,3
AQP1,3
ARHGAP19,3
ARHGAP31,3
ARHGDIA,3
ARL6IP1,3
ARMC12,3
ARSK,3
ASPRV1,3
ATAD1,3
ATP2B3,3
ATP5PO,3
B4GALT1,3
B4GAT1,3
BAX,3
BCAM,3
BCORL1,3
BFSP2,3
BGN,3
BLK,3
BORCS8-MEF2B,3
BSN,3
BTG4,3
BVES,3
C10orf71,3
CA12,3
CABP2,3
CACNA1G,3
CACNA2D1,3
CAP2,3
CAPN10,3
CAT,3
CBLB,3
CCDC146,3
CCN2,3
CCNF,3
CD59,3
CD70,3
CDK4,3
CDON,3
CELA2A,3
CFAP221,3
CFAP53,3
CHD1,3
CHRNA4,3
CILK1,3
CLCNKA,3
CLDN5,3
CMPK2,3
CNOT2,3
COL8A2,3
COPB1,3
CORIN,3
COX18,3
COX7B,3
CRLS1,3
CRNKL1,3
CRYBB3,3
CTBP2,3
CTH,3
CTR9,3
CYBC1,3
CYCS,3
CYP26B1,3
DAAM2,3
DCPS,3
DDOST,3
DHCR24,3
DLG5,3
DNAH10,3
DNAH7,3
DNASE2,3
DPH5,3
DSC3,3
DSCAM,3
EEF1B2,3
EPO,3
ERBB4,3
ERG,3
ERI1,3
ERLIN1,3
FAAP100,3
FAHD1,3
FAM111B,3
FAM149B1,3
FAM177A1,3
FARSA,3
FASLG,3
FBXW11,3
FDPS,3
FGF5,3
FGF9,3
FXR1,3
FYN,3
GABRA3,3
GALNT2,3
GCNA,3
GFRA1,3
GGPS1,3
GIMAP5,3
GLRA2,3
GLYCTK,3
GNB4,3
GRIA1,3
GSC,3
GSR,3
GTPBP1,3
GUK1,3
HCCS,3
HES7,3
HMGB1,3
HMGCR,3
HMX1,3
HNRNPC,3
HOMER2,3
HOXB1,3
HROB,3
HSPD1,3
IDH2,3
IGFALS,3
IL7,3
ING1,3
INTS11,3
INTU,3
IRF4,3
IRX4,3
ISG15,3
ITM2B,3
KAT5,3
KCNA5,3
KCNK9,3
KCNU1,3
KCTD17,3
KDF1,3
KDSR,3
KHDC3L,3
KRT3,3
KRT4,3
KRT6C,3
KRT74,3
LAGE3,3
LIM2,3
LIPC,3
LIPE,3
LMOD1,3
LRPAP1,3
MAN2B2,3
MAPK7,3
MCTS1,3
MDC1,3
MDFIC,3
MED25,3
MED27,3
MEF2A,3
MEI1,3
MGA,3
MICOS13,3
MINAR2,3
MNS1,3
MPDU1,3
MRPL44,3
MRTFB,3
MSRB3,3
MT-ND1,3
MT-ND3,3
MT-ND6,3
MYH7B,3
MYMX,3
MYOD1,3
NACC1,3
NAE1,3
NALF1,3
NAPB,3
NCDN,3
NDNF,3
NDST1,3
NDUFA10,3
NDUFA13,3
NDUFA2,3
NDUFAF1,3
NDUFB3,3
NDUFB8,3
NHP2,3
NIN,3
NLRP2,3
NPR3,3
NPTN,3
NSF,3
NSRP1,3
NTN1,3
NUP37,3
NUP54,3
NUP88,3
ODAPH,3
OXA1L,3
P2RX2,3
PACSIN3,3
PAX5,3
PDXK,3
PERCC1,3
PFN1,3
PHACTR1,3
PIGY,3
PIK3CG,3
PITRM1,3
PITX1,3
PLAAT3,3
PLD3,3
PLEKHM1,3
PMPCB,3
PMVK,3
POLR1B,3
POLR3GL,3
PRDM6,3
PRDM9,3
PRIM1,3
PRKACA,3
PRKRA,3
PRLR,3
PROK2,3
PSKH1,3
PSMG2,3
PSPH,3
PTPN14,3
PTPN4,3
PTPRJ,3
PTRHD1,3
RACGAP1,3
RAD54L,3
RBM28,3
RBSN,3
RCC1,3
RFX3,3
RGS9BP,3
RHOA,3
RNASEH1,3
RNF6,3
ROS1,3
RRAGC,3
RSPO2,3
SASH3,3
SASS6,3
SC5D,3
SEMA4A,3
SEPTIN9,3
SERPIND1,3
SGMS2,3
SIX6,3
SKOR2,3
SLC14A1,3
SLC1A2,3
SLC26A8,3
SLC30A9,3
SLC32A1,3
SLC35B2,3
SLC39A8,3
SLC5A7,3
SLC9A1,3
SLCO1B3,3
SLFN14,3
SMARCA5,3
SMARCC1,3
SMC5,3
SMOC2,3
SNAPIN,3
SNRPE,3
SP9,3
SPRED2,3
SPRTN,3
SREBF1,3
SRPK3,3
SSBP1,3
SSX1,3
STEEP1,3
STX16,3
SVBP,3
SYCP2,3
SYCP3,3
SYNCRIP,3
TACO1,3
TARS1,3
TARS2,3
TBC1D8B,3
TBX15,3
TEKT3,3
TENT5A,3
TIMMDC1,3
TKT,3
TLE6,3
TLL1,3
TLR8,3
TM2D3,3
TMEM98,3
TNNT3,3
TNPO3,3
TOMM7,3
TPM4,3
TRIM2,3
TRIM63,3
TRPM3,3
TSPAN7,3
TUBG1,3
TUFM,3
UBQLN2,3
UFC1,3
UMPS,3
UNC45B,3
UQCRC2,3
UQCRFS1,3
USP26,3
VEGFC,3
VKORC1,3
VPS11,3
VPS51,3
WASHC4,3
WNK4,3
WNT5A,3
WRAP53,3
YAP1,3
ZMYM3,3
ZNF423,3
ZNF526,3
ZNF644,3
ZSWIM6,3
ACACA,2
ACKR1,2
ADIPOQ,2
AFP,2
AGMO,2
AGR2,2
AKAP3,2
ALPK1,2
ALX1,2
AMACR,2
ANGPT2,2
ANKRD31,2
ANLN,2
ANO1,2
ANTXR1,2
APBB1,2
APOA4,2
APOC3,2
ARL3,2
ARPC5,2
ATIC,2
ATL3,2
ATP5F1A,2
ATP5F1D,2
ATP5MC3,2
ATP5ME,2
ATP5MK,2
AVIL,2
BAG5,2
BBIP1,2
BCLAF1,2
BHLHA9,2
BLOC1S5,2
BLVRA,2
BMP7,2
BNC2,2
C1QB,2
C1QC,2
CA1,2
CACNA1H,2
CACNA2D4,2
CACNB1,2
CALR,2
CAMK4,2
CAMSAP1,2
CAPNS1,2
CASQ1,2
CATSPER1,2
CBFB,2
CBX2,2
CBY1,2
CCDC22,2
CCDC32,2
CCDC34,2
CCDC47,2
CCDC8,2
CCT3,2
CD151,2
CD4,2
CD79B,2
CEMIP2,2
CENATAC,2
CEP112,2
CES1,2
CFAP206,2
CFC1,2
CHCHD2,2
CHMP1A,2
CHMP4B,2
CHRM3,2
CHRNA2,2
CIAO1,2
CIBAR1,2
CIROZ,2
CKS1B,2
CLCN3,2
CLDN11,2
CLDN9,2
CLIC5,2
CNN2,2
CNOT9,2
COA6,2
COX4I1,2
COX5A,2
COXFA4,2
CPN1,2
CPNE1,2
CSNK1D,2
CTNNA3,2
CUX2,2
CYB561,2
CYC1,2
CYP3A4,2
DDB1,2
DDRGK1,2
DDX17,2
DDX23,2
DDX25,2
DHFR,2
DHRS3,2
DIO1,2
DMC1,2
DNAH12,2
DOK1,2
DPP6,2
DPP9,2
DSTYK,2
DYRK1B,2
DZIP1,2
EDC3,2
EDNRA,2
EEF2,2
EFL1,2
EIF3F,2
ELOVL5,2
ENO3,2
ENTREP2,2
EPHB2,2
EPOR,2
ESRP1,2
EXOC3L2,2
EXOSC8,2
FAAH2,2
FAM110C,2
FBXO31,2
FBXO38,2
FEZF2,2
FGF12,2
FGF16,2
FHOD3,2
FKBP6,2
FLII,2
FMN1,2
FOXI3,2
FRMD5,2
FYB1,2
GATB,2
GCLC,2
GDF6,2
GDF9,2
GEMIN4,2
GGN,2
GMNN,2
GNB3,2
GNMT,2
GNRH1,2
GON4L,2
GON7,2
GPR156,2
GPRC5B,2
GSK3B,2
GSTZ1,2
GTF2E2,2
H4C9,2
HDAC6,2
HDC,2
HECTD1,2
HENMT1,2
HNRNPDL,2
HNRNPUL2,2
HOXB13,2
HPCA,2
HRG,2
HSCB,2
HSD11B1,2
HYOU1,2
IDH3G,2
IFITM5,2
IFNG,2
IFT56,2
IGF2R,2
IGFBP7,2
IGKC,2
IGSF3,2
IL10,2
IL17RD,2
IL2,2
INPP4B,2
INTS8,2
IQCN,2
IRS1,2
IRS4,2
ISCA2,2
ITPR2,2
IVNS1ABP,2
IYD,2
JAGN1,2
JAK1,2
JMJD1C,2
KANK2,2
KCNA6,2
KCNK18,2
KCNN4,2
KEL,2
KIF1B,2
KIF3B,2
KIF5B,2
KIRREL1,2
KLC2,2
KLHL15,2
KLK11,2
KPNA7,2
KREMEN1,2
KRT13,2
KRT25,2
LAS1L,2
LEMD2,2
LGR4,2
LIG1,2
LINGO1,2
LIPT1,2
LMAN2L,2
LMBRD2,2
LOC111365204,2
LRRC23,2
LRRC8C,2
LZTS1,2
M1AP,2
MCAT,2
MCC,2
MID2,2
MIEF1,2
MIR96,2
MLH3,2
MLX,2
MMP14,2
MOV10L1,2
MPC1,2
MPEG1,2
MRM2,2
MRPL3,2
MRPL39,2
MSMO1,2
MSR1,2
MT-ATP8,2
MT-ND4,2
MT-RNR2,2
MT-TL1,2
MTAP,2
MTIF2,2
MUC1,2
MYF5,2
MYL3,2
MYO1H,2
MYOCD,2
NAF1,2
NAV3,2
NCR3,2
NDUFA1,2
NDUFA11,2
NDUFA8,2
NDUFC2,2
NEUROD1,2
NEUROG1,2
NGF,2
NKAP,2
NOS1AP,2
NPTX1,2
NR0B2,2
NRAP,2
NSUN6,2
NT5E,2
OGDHL,2
OTUD7A,2
OXGR1,2
OXR1,2
P4HA2,2
PACS1,2
PAICS,2
PAM16,2
PARD3,2
PCK1,2
PDE11A,2
PDP1,2
PDSS2,2
PDZD8,2
PER2,2
PHC1,2
PHLDB1,2
PHOX2A,2
PI4K2A,2
PIGP,2
PIGU,2
PIP5K1B,2
PITPNM3,2
PLAG1,2
PLCH1,2
PNKD,2
POLR3K,2
POU6F2,2
PPCS,2
PPIL1,2
PPM1K,2
PRB3,2
PRDX1,2
PREP,2
PRICKLE1,2
PRICKLE2,2
PRIMA1,2
PRKD1,2
PRKDC,2
PSMA3,2
PSMB4,2
PSMC5,2
PSMD11,2
PTBP2,2
PTCH2,2
PTPA,2
PTPRA,2
PTRH2,2
RAB11B,2
RAB34,2
RAD9B,2
RAP1GDS1,2
RBBP5,2
RBFOX2,2
RBMX,2
RBPJ,2
REC114,2
REV3L,2
RFWD3,2
RIGI,2
RNF220,2
RNF31,2
RPA1,2
RPL26,2
RPS23,2
RREB1,2
RRP12,2
RUBCN,2
RUVBL1,2
S1PR2,2
SAMD8,2
SARS2,2
SASH1,2
SCAMP4,2
SCN3B,2
SCN4B,2
SCNM1,2
SEPHS1,2
SGMS1,2
SHARPIN,2
SHQ1,2
SIPA1L3,2
SLC13A3,2
SLC17A8,2
SLC1A3,2
SLC25A24,2
SLC25A36,2
SLC25A42,2
SLC39A5,2
SLC4A2,2
SLC6A17,2
SLC7A14,2
SLC9B1,2
SLCO1B1,2
SLIT2,2
SLITRK1,2
SMARCA1,2
SOHLH1,2
SOX17,2
SOX3,2
SP6,2
SPPL2A,2
SPTSSA,2
SQOR,2
SRSF2,2
STAT4,2
STT3A,2
STT3B,2
SUPT7L,2
SVIL,2
SYCP2L,2
SYNE2,2
TAC3,2
TAF13,2
TAF2,2
TAF6,2
TBP,2
TENM4,2
TERB2,2
THG1L,2
TIE1,2
TLCD3B,2
TLR1,2
TMEM106B,2
TMEM132E,2
TMEM218,2
TMEM240,2
TMEM53,2
TMTC4,2
TNC,2
TNNC2,2
TNNI3K,2
TRAPPC10,2
TRHR,2
TSPYL1,2
TUBA3D,2
TUBGCP2,2
TUFT1,2
UQCC2,2
UQCRC1,2
USP18,2
USP19,2
USP45,2
USP48,2
UTP14C,2
VAPB,2
VIM,2
VPS50,2
VPS53,2
VWA3B,2
WBP4,2
WDR5,2
WDR91,2
WIPI2,2
WLS,2
WNT2B,2
XRCC2,2
ZDHHC16,2
ZFTRAF1,2
ZMYND8,2
ZNF407,2
ZNF668,2
ZRSR2,2
ZSWIM7,2
A4GALT,1
ABCA13,1
ABCA5,1
ABCA7,1
ABCA8,1
ABCC1,1
ABCD3,1
ACKR3,1
ACOX2,1
ACR,1
ACSL5,1
ADAD2,1
ADD3,1
ADIPOR1,1
ADRA2A,1
ADRB1,1
AGPAT3,1
AGPAT5,1
AHSG,1
AKT2,1
ALG14,1
AMPD1,1
AMPD3,1
AMTN,1
ANAPC7,1
ANKS3,1
AP2M1,1
AP3D1,1
AP5B1,1
APCDD1,1
APOA2,1
APOO,1
APPL1,1
AQP4,1
ARHGAP5,1
ARHGEF2,1
ARL2,1
ASIC2,1
ASIC5,1
ASTL,1
ATOH1,1
ATP11C,1
ATP5F1B,1
ATP5F1E,1
ATP6V1C1,1
ATP6V1E1,1
ATP8A1,1
ATRIP,1
ATXN10,1
ATXN2,1
ATXN7,1
B2M,1
B3GALT1,1
BACH2,1
BAZ1A,1
BICC1,1
BMS1,1
BNC1,1
BOD1,1
BPHL,1
BPNT1,1
BRDT,1
BUD13,1
C10orf67,1
C2CD6,1
CACNB2,1
CACNB4,1
CALCRL,1
CAMK2G,1
CAPN6,1
CAPZA2,1
CARD10,1
CARS2,1
CATIP,1
CATSPERB,1
CCDC115,1
CCDC134,1
CCDC174,1
CCDC186,1
CCDC50,1
CCDC62,1
CCDC82,1
CCDST,1
CCKBR,1
CCL5,1
CCNB3,1
CCNK,1
CCPG1,1
CCT7,1
CD28,1
CD8A,1
CD96,1
CDC27,1
CDC40,1
CDK19,1
CDK5,1
CDK6,1
CDK9,1
CDKN1A,1
CEL,1
CENPE,1
CENPT,1
CEP19,1
CFAP47,1
CFAP70,1
CFAP91,1
CFHR3,1
CFHR5,1
CHAF1A,1
CHP1,1
CHRNB4,1
CIDEC,1
CISD2,1
CLCC1,1
CLCN6,1
CLDN2,1
CLEC3B,1
CLIP1,1
CLP1,1
CLRN2,1
CLUAP1,1
CLXN,1
COA5,1
COMT,1
COQ5,1
COX14,1
COX16,1
COX6A1,1
COX8A,1
CPA1,1
CPA6,1
CPLX1,1
CPSF3,1
CREB3,1
CRYGB,1
CSF2RB,1
CSNK1E,1
CST3,1
CST6,1
CSTF2,1
CT55,1
CTBP1,1
CTDP1,1
CTHRC1,1
CTNND2,1
CTPS1,1
CYB5A,1
CYP26C1,1
CYP2C8,1
CYP2C9,1
CYP7A1,1
CYS1,1
DAND5,1
DAZL,1
DBR1,1
DCXR,1
DENND5B,1
DGKG,1
DGKH,1
DGKZ,1
DHPS,1
DHRSX,1
DHX34,1
DIAPH3,1
DLC1,1
DMAC2L,1
DNAH14,1
DNAH3,1
DNAJC9,1
DNAL4,1
DNALI1,1
DNASE1,1
DPRX,1
DPT,1
DPYSL5,1
DSG3,1
DTNA,1
DUSP6,1
DUT-AS1,1
ECE1,1
EEFSEC,1
EFHC1,1
EGF,1
EIF2AK2,1
EIF4A3,1
ELMOD3,1
ELOVL1,1
ELP4,1
EMG1,1
EMP2,1
EN1,1
EPHA10,1
ERAL1,1
ERGIC1,1
ERMAP,1
ERMARD,1
ESAM,1
ESR2,1
ESRRG,1
ETS1,1
ETV5,1
EXOC2,1
EXOSC1,1
EXTL3,1
EZH1,1
FADD,1
FAM136A,1
FASN,1
FASTKD1,1
FCSK,1
FDX2,1
FEM1B,1
FEZF1,1
FEZF1-AS1,1
FFAR1,1
FGF17,1
FGF20,1
FGF4,1
FHIT,1
FIBP,1
FLG-AS1,1
FLRT3,1
FLT3LG,1
FNTA,1
FOXD2,1
FOXI1,1
FOXO1,1
FOXP4,1
FRG1,1
FRMD4A,1
FSD1L,1
FTO,1
FUZ,1
FXYD2,1
FZD3,1
GAB1,1
GABBR1,1
GABRB1,1
GABRD,1
GABRE,1
GABRG3,1
GAL,1
GALNT14,1
GAPDH,1
GARIN5A,1
GAS2,1
GAS2L2,1
GATAD1,1
GATC,1
GC,1
GDF11,1
GET3,1
GFI1,1
GHSR,1
GINS1,1
GJA4,1
GLIS2,1
GNA14,1
GNG3,1
GNPNAT1,1
GOT1,1
GPD2,1
GPR101,1
GPR161,1
GPR88,1
GPRASP2,1
GREM2,1
GRID1,1
GRK2,1
GSPT2,1
GTSF1,1
GUF1,1
GYPA,1
GYPC,1
H2AP,1
H4C11,1
HACL1,1
HAND2,1
HAO1,1
HCCS-DT,1
HCK,1
HCRT,1
HEATR4,1
HERPUD1,1
HEY2,1
HIF1A,1
HIKESHI,1
HLA-B,1
HLA-DRB1,1
HMCN1,1
HNMT,1
HNRNPD,1
HORMAD1,1
HOXA11,1
HOXD10,1
HS3ST6,1
HS6ST2,1
HYAL3,1
IER3IP1,1
IFT57,1
IGBP1,1
IKZF3,1
IL17RC,1
IL1R1,1
IL21,1
IL31RA,1
IL37,1
IMPA1,1
INPP5F,1
IQSEC1,1
IRF8,1
ISCA1,1
ISCU,1
ITGA4,1
ITIH6,1
JAG2,1
JAKMIP1,1
JPH1,1
JUN,1
KBTBD13,1
KCNE2,1
KCNIP1,1
KCNJ6,1
KCTD3,1
KDR,1
KGD4,1
KHK,1
KIF15,1
KIF19,1
KIF20A,1
KIF23,1
KIF24,1
KIF26B,1
KISS1,1
KLC4,1
KLF5,1
KLF7,1
KLHL10,1
KNSTRN,1
KRT71,1
KRT8,1
KRT81,1
KRT83,1
KRT85,1
L3MBTL2,1
LACTB,1
LATS1,1
LBHD1,1
LCP1,1
LCP2,1
LIMK1,1
LIMS2,1
LINC00373,1
LIPT2,1
LOC102724428,1
LOC110806306,1
LOXL3,1
LPA,1
LPCAT2,1
LRCH2,1
LRIF1,1
LRRC32,1
LRRC45,1
LRRCC1,1
LSM1,1
LSM11,1
LSM7,1
LTV1,1
LYRM4,1
LYSET,1
MAD2L2,1
MAFA,1
MANF,1
MAP1A,1
MAP3K14,1
MAP3K3,1
MAPKAPK3,1
MARCHF6,1
MARK3,1
MAT2A,1
MATR3,1
MAZ,1
MB,1
MC1R,1
MCM4,1
MCM5,1
MCMDC2,1
MCUR1,1
MED11,1
MED29,1
MIA3,1
MIB1,1
MICAL1,1
MICALL2,1
MIEF2,1
MIR184,1
MMP15,1
MMP19,1
MMP9,1
MOG,1
MPP4,1
MRPL12,1
MRPL42,1
MRPS14,1
MRPS16,1
MRPS2,1
MRPS23,1
MRPS25,1
MRPS28,1
MRTFA,1
MSTN,1
MT-TF,1
MT-TI,1
MT-TK,1
MT-TN,1
MT-TR,1
MT-TS1,1
MT-TV,1
MT-TW,1
MT-TY,1
MTCL1,1
MTPAP,1
MTSS2,1
MYH8,1
MYO1B,1
MYOF,1
N4BP2L2,1
NAA20,1
NADK2,1
NANOS1,1
NAPEPLD,1
NCAM1,1
NCAPD2,1
NCAPH,1
NCOA3,1
NDC1,1
NDUFA4,1
NDUFAF4,1
NDUFB10,1
NDUFB9,1
NEK2,1
NFATC2,1
NFXL1,1
NISCH,1
NIT1,1
NME5,1
NOP10,1
NPPA,1
NR1H3,1
NRIP1,1
NRXN3,1
NSMF,1
NUAK2,1
NUDT2,1
NUF2,1
NUMA1,1
NUP133,1
NUP155,1
NUP205,1
NUP62,1
NUP85,1
OAS1,1
OAS2,1
OPCML,1
OSBP,1
OXSM,1
P4HB,1
PABPC1,1
PACS2,1
PAEP,1
PAK2,1
PANK4,1
PARS2,1
PBRM1,1
PCGF2,1
PDCD6IP,1
PDCL2,1
PDE1C,1
PDE4DIP,1
PDGFRL,1
PDHA2,1
PDK3,1
PDYN,1
PER3,1
PFAS,1
PGGHG,1
PHF5A,1
PIGM,1
PLA1A,1
PLA2G2A,1
PLA2G5,1
PLCG1,1
PLEKHA3,1
PLEKHA5,1
PLK2,1
PMS1,1
POC5,1
POLA2,1
POLR2E,1
POLR3F,1
POPDC1,1
PPP1R35,1
PPP1R3F,1
PPP2R1B,1
PPP2R5C,1
PPP6R2,1
PRDM8,1
PRKCB,1
PRKCE,1
PRKG1,1
PSMB1,1
PSMB9,1
PSMC1,1
PSMC3IP,1
PTCRA,1
PTGIS,1
PTPMT1,1
PTPN1,1
PTPN12,1
PTPRF,1
RAB11A,1
RAB3A,1
RAB5IF,1
RABGAP1,1
RAD21L1,1
RAD51AP2,1
RAD54B,1
RALGAPB,1
RASA3,1
RBBP7,1
RBFOX1,1
RBFOX3,1
RC3H1,1
RCHY1,1
RCL1,1
RDH8,1
REC8,1
REDIC1,1
RELB,1
REPS1,1
RGR,1
RHBDF2,1
RHD,1
RIPOR2,1
RMP64,1
RNASEH2C,1
RNASEL,1
RNF113A,1
RNF125,1
RNF135,1
RNF157,1
RNF2,1
RNU6-8,1
RPH3A,1
RPL18,1
RPL21,1
RPL27,1
RPL35,1
RPS15A,1
RPS27,1
RPS29,1
RRM1,1
RRP7A,1
RUNX1T1,1
RXFP2,1
RYR3,1
SALL2,1
SAMD11,1
SARDH,1
SARS1,1
SCARB1,1
SCD5,1
SEC23A,1
SEC31A,1
SEL1L,1
SELENBP1,1
SEMA3D,1
SEMA7A,1
SENP7,1
SERPINA12,1
SERPINA3,1
SERPINA6,1
SERPINB6,1
SERPINB8,1
SERPINE1,1
SETSIP,1
SF3A1,1
SF3B1,1
SGO1,1
SGO2,1
SGSM3,1
SH3BGRL2,1
SIK3,1
SIN3B,1
SIX5,1
SLC10A2,1
SLC16A12,1
SLC16A13,1
SLC17A9,1
SLC22A18,1
SLC25A21,1
SLC25A25,1
SLC26A7,1
SLC27A2,1
SLC29A1,1
SLC2A9-AS3,1
SLC30A7,1
SLC31A1,1
SLC39A13,1
SLC39A7,1
SLC41A1,1
SLC4A3,1
SLC51A,1
SLC52A1,1
SLC66A1,1
SLC6A2,1
SLC6A6,1
SLC9A9,1
SLITRK3,1
SLPI,1
SMAP1,1
SNCB,1
SNUPN,1
SNURF,1
SP7,1
SPACA1,1
SPAG17,1
SPARCL1,1
SPIN4,1
SPINK2,1
SPRY4,1
SPTY2D1,1
SQLE,1
SRC,1
SRGAP1,1
SRI,1
SRP19,1
SRP68,1
SRPRA,1
SRPX2,1
ST6GALNAC5,1
STK33,1
STK36,1
STN1,1
STX1A,1
STX4,1
SUGCT,1
SUMF2,1
SV2A,1
SYK,1
SYN3,1
SYT14,1
TAF4B,1
TAOK2,1
TAPBP,1
TASP1,1
TBX2,1
TBX21,1
TBXT,1
TCEAL1,1
TCERG1,1
TDP1,1
TDRKH,1
TEAD1,1
TEAD3,1
TFRC,1
TGM3,1
THBD,1
THBS2,1
THOC1,1
THTPA,1
TIA1,1
TIMELESS,1
TIMM22,1
TMEM230,1
TMEM43,1
TMLHE,1
TNF,1
TNFRSF10B,1
TNFRSF13C,1
TNIK,1
TNK2,1
TOM1,1
TOP1,1
TOP6BL,1
TPRKB,1
TRA,1
TRAPPC14,1
TRAPPC2L,1
TRAPPC4,1
TRG-GCC2-6,1
TRIM33,1
TRIM36,1
TRK-TTT3-5,1
TRMT10C,1
TRMT5,1
TRPA1,1
TRPC3,1
TRPC4,1
TRPV5,1
TRU-TCA1-1,1
TSEN15,1
TSEN34,1
TSGA10,1
TSR2,1
TUBA8,1
TUBB6,1
TXN2,1
UBE3C,1
UBQLN4,1
UBTF,1
UFM1,1
UGP2,1
UNC119,1
UPF2,1
UQCRB,1
UQCRH,1
USP14,1
USP34,1
USP51,1
USP9Y,1
VANGL1,1
VAX1,1
VCL,1
VEZF1,1
VPS35,1
VPS37A,1
VPS45,1
VWCE,1
WARS1,1
WDR45B,1
WNT3,1
WWP2,1
XRCC1,1
YME1L1,1
YPEL3,1
ZBTB47,1
ZCCHC8,1
ZFP36L2,1
ZNF141,1
ZNF446,1
ZNF496,1
ZNF513,1
ZNF687,1
ZNF717,1
ZNF766,1
ZPBP,1
ZPR1,1
ZUP1,1
